cat_0,cat_3,cat_10,cat_30,cat_35,cat_40,cat_45,cat_72,cat_84,cat_87,cat_92,cat_106,cat_123,cat_137,cat_160,cat_196,cat_198,cat_200,cat_202,cat_229,cat_241,cat_262,cat_291,cat_311,cat_340,cat_351,cat_377,cat_404,cat_430,cat_438,cat_444,cat_452,cat_465,cat_508,cat_526,cat_527,cat_567,cat_575,cat_622,cat_635,cat_642,cat_645,cat_657,cat_701,cat_728,cat_737,cat_738,cat_750,cat_759,cat_766,cat_770,cat_801,cat_826,cat_856,cat_860,cat_880,cat_926,cat_931,cat_935,cat_939,cat_941,cat_982,cat_998,cat_1002,cat_1014,cat_1017,cat_1024,cat_1112,cat_1132,cat_1142,cat_1166,cat_1171,cat_1172,cat_1178,cat_1197,cat_1198,cat_1221,cat_1223,cat_1241,cat_1268,cat_1284,cat_1311,cat_1313,cat_1365,cat_1376,cat_1403,cat_1426,cat_1431,cat_1436,cat_1452,cat_1482,cat_1506,cat_1534,cat_1550,cat_1590,cat_1615,cat_1655,cat_1683,cat_1717,cat_1718,cat_1748,cat_1769,cat_1772,cat_1803,cat_1811,cat_1821,cat_1854,cat_1868,cat_1875,cat_1882,cat_1888,cat_1911,cat_1929,cat_1947,cat_2008,cat_2009,cat_2024,cat_2097,cat_2160,cat_2163,cat_2172,cat_2178,cat_2182,cat_2191,cat_2193,cat_2214,cat_2228,cat_2240,cat_2291,cat_2363,cat_2382,cat_2399,cat_2476,cat_2500,cat_2591,cat_2595,cat_2601,cat_2603,cat_2617,cat_2639,cat_2640,cat_2666,cat_2669,cat_2686,cat_2693,cat_2712,cat_2713,cat_2737,cat_2766,cat_2806,cat_2816,cat_2832,cat_2900,cat_2921,cat_2933,cat_2943,cat_2961,cat_2988,cat_3069,cat_3086,cat_3099,cat_3104,cat_3134,cat_3154,cat_3177,cat_3194,cat_3195,cat_3205,cat_3213,cat_3222,cat_3234,cat_3235,cat_3259,cat_3264,cat_3269,cat_3307,cat_3359,cat_3361,cat_3370,cat_3374,cat_3383,cat_3390,cat_3402,cat_3413,cat_3422,cat_3437,cat_3457,cat_3460,cat_3461,cat_3463,cat_3476,cat_3564,cat_3579,cat_3580,cat_3582,cat_3591,cat_3606,cat_3615,cat_3635,cat_3644,cat_3653,cat_3674,cat_3683,cat_3738,cat_3855,cat_3877,cat_3889,cat_3906,cat_3948,cat_3958,cat_3968,cat_3979,cat_3990,cat_3997,cat_4032,cat_4056,cat_4067,cat_4069,cat_4076,cat_4080,cat_4082,cat_4108,cat_4113,cat_4117,cat_4159,cat_4199,cat_4210,cat_4227,cat_4229,cat_4230,cat_4289,cat_4326,cat_4367,cat_4377,cat_4413,cat_4415,cat_4417,cat_4430,cat_4466,cat_4477,cat_4483,cat_4491,cat_4497,cat_4535,cat_4541,cat_4547,cat_4600,cat_4604,cat_4617,cat_4632,cat_4643,cat_4654,cat_4684,cat_4736,cat_4768,cat_4789,cat_4795,cat_4812,cat_4827,cat_4831,cat_4835,cat_4872,cat_4880,cat_4899,cat_4922,cat_4925,cat_4938,cat_4958,cat_5018,cat_5019,cat_5060,cat_5065,cat_5075,cat_5092,cat_5105,cat_5135,cat_5172,cat_5195,cat_5196,cat_5206,cat_5284,cat_5294,cat_5309,cat_5311,cat_5395,cat_5413,cat_5438,cat_5475,cat_5490,cat_5493,cat_5496,cat_5542,cat_5571,cat_5580,cat_5609,cat_5614,cat_5652,cat_5674,cat_5703,cat_5736,cat_5741,cat_5778,cat_5783,cat_5801,cat_5838,cat_5851,cat_5855,cat_5860,cat_5914,cat_5919,cat_5921,cat_5937,cat_5964,cat_5976,cat_6041,cat_6057,cat_6064,cat_6124,cat_6132,cat_6145,cat_6171,cat_6189,cat_6240,cat_6253,cat_6288,cat_6322,cat_6324,cat_6371,cat_6374,cat_6405,cat_6421,cat_6424,cat_6427,cat_6441,cat_6443,cat_6497,cat_6498,cat_6511,cat_6519,cat_6526,cat_6545,cat_6560,cat_6574,cat_6576,cat_6628,cat_6655,cat_6681,cat_6732,cat_6737,cat_6746,cat_6780,cat_6793,cat_6805,cat_6899,cat_6923,cat_6932,cat_6942,cat_6948,cat_6963,cat_6981,cat_6987,cat_7027,cat_7047,cat_7053,cat_7063,cat_7075,cat_7078,cat_7110,cat_7125,cat_7144,cat_7155,cat_7201,cat_7227,cat_7234,cat_7239,cat_7241,cat_7252,cat_7274,cat_7337,cat_7338,cat_7360,cat_7406,cat_7415,cat_7422,cat_7461,cat_7462,cat_7498,cat_7511,cat_7605,cat_7630,cat_7642,cat_7644,cat_7653,cat_7659,cat_7692,cat_7717,cat_7732,cat_7733,cat_7742,cat_7768,cat_7777,cat_7804,cat_7834,cat_7835,cat_7841,cat_7858,cat_7869,cat_7891,cat_7914,cat_7955,cat_8018,cat_8052,cat_8053,cat_8056,cat_8060,cat_8065,cat_8085,cat_8130,cat_8137,cat_8161,cat_8203,cat_8207,cat_8232,cat_8239,cat_8248,cat_8288,cat_8299,cat_8301,cat_8365,cat_8381,cat_8404,cat_8415,cat_8428,cat_8449,cat_8451,cat_8488,cat_8493,cat_8501,cat_8532,cat_8535,cat_8551,cat_8570,cat_8573,cat_8591,cat_8629,cat_8637,cat_8666,cat_8677,cat_8704,cat_8705,cat_8709,cat_8770,cat_8782,cat_8843,cat_8868,cat_8886,cat_8950,cat_8971,cat_8998,cat_8999,cat_9007,cat_9025,cat_9027,cat_9086,cat_9095,cat_9137,cat_9142,cat_9147,cat_9170,cat_9182,cat_9185,cat_9200,cat_9203,cat_9210,cat_9216,cat_9229,cat_9238,cat_9280,cat_9295,cat_9306,cat_9308,cat_9367,cat_9373,cat_9407,cat_9489,cat_9507,cat_9523,cat_9539,cat_9559,cat_9626,cat_9673,cat_9711,cat_9718,cat_9724,cat_9735,cat_9808,cat_9811,cat_9876,cat_9882,cat_9892,cat_9900,cat_9903,cat_9911,cat_9914,cat_9996,cat_10019,cat_10024,cat_10025,cat_10045,cat_10079,cat_10095,cat_10101,cat_10115,cat_10142,cat_10178,cat_10182,cat_10189,cat_10207,cat_10239,cat_10248,cat_10267,cat_10284,cat_10289,cat_10313,cat_10318,cat_10326,cat_10351,cat_10366,cat_10406,cat_10429,cat_10474,cat_10494,cat_10511,cat_10538,cat_10579,cat_10588,cat_10590,cat_10604,cat_10706,cat_10716,cat_10723,cat_10724,cat_10750,cat_10756,cat_10773,cat_10784,cat_10821,cat_10825,cat_10834,cat_10847,cat_10869,cat_10872,cat_10898,cat_10976,cat_10992,cat_10995,cat_11011,cat_11027,cat_11060,cat_11068,cat_11071,cat_11082,cat_11113,cat_11136,cat_11145,cat_11169,cat_11184,cat_11197,cat_11216,cat_11232,cat_11273,cat_11309,cat_11342,cat_11346,cat_11347,cat_11358,cat_11367,cat_11410,cat_11414,cat_11444,cat_11475,cat_11486,cat_11490,cat_11498,cat_11604,cat_11635,cat_11640,cat_11653,cat_11667,cat_11688,cat_11702,cat_11730,cat_11770,cat_11793,cat_11794,cat_11808,cat_11812,cat_11841,cat_11857,cat_11862,cat_11889,cat_11903,cat_12010,cat_12017,cat_12057,cat_12076,cat_12098,cat_12100,cat_12106,cat_12113,cat_12231,cat_12238,cat_12247,cat_12250,cat_12282,cat_12334,cat_12337,cat_12347,cat_12350,cat_12367,cat_12372,cat_12391,cat_12416,cat_12428,cat_12447,cat_12455,cat_12470,cat_12504,cat_12518,cat_12525,cat_12530
7,32,1886,37,940,644,94,259,3,-13,75,2,72,-70,-39,116,2087,4446,98,-82,102,135,1348,573,4912,-15,39,-569,459,17,-45,-87,-119,282,259,-12,273,30,30,207,54,46,240,18,41,-4,118,19,29,22,174,480,295,86,233,38,37,176,126,16,187,37,597,108,1,319,64,73,1,80,-33,5,117,-265,12420,273,834,595,7,369,8,88,-53,32,61,-10,37,125,3,-6,-3,54,14574,10,199,20,60,803,-32,47,-34,128,14,1,72,184,104,16,60,27,252,38,288,7,0,7,216,202,459,48,27,366,29,104,464,785,619,125,-128,30,45,129,797,-9,229,6,-57,57,17,63,-7,177,35,21,30,159,8,94,178,256,223,198,-33,0,25,54,6,3,-113,153,-1,80,110,138,124,-4,-19,36,379,11,517,257,188,131,130,159,705,454,-1,505,27,10,-132,317,418,117,687,116,364,35,13,22,-41,102,11,46,49,-9,-25,116,12,-4,-6,83,-92,694,636,60,49,-13,4,42,16,4753,37,-95,1,15,39,244,36,109,865,-47,-5,43,141,181,389,27,31,60,231,-1,289,3,550,-41,-45,56,-2,2,34,-14,12,3,13,-11,396,-29,-7,145,-68,29,-92,139,434,1067,33,87,131,332,104,665,22,26,-138,-9,7,91,17,28,-23,-107,6,-13,325,256,39,22,319,332,278,579,184,-18,-24,4,7,8,260,-1,-72,5,-87,42,223,0,166,414,558,1925,35,2565,174,763,6939,377,45,-39,23,-2,44,37,70,279,84,343,533,749,171,454,1432,47,47,17,-169,42,171,-75,-28,7,2,39,-35,395,100,46,-12,288,146,44,367,268,207,918,403,77,-88,23,56,10,25,138,139,498,207,104,40,3804,63,900,57,610,3,-234,1574,21,548,-24,75,52,19,46,131,86,12,208,187,164,-20,127,15,408,101,163,-29,65,407,130,-25,-21,231,238,57,690,229,49,188,262,254,1614,33,33,-9,-62,156,15,23,15,78,-118,83,116,27,161,80,848,1283,175,44,-16,14,-43,293,120,-6,-18,174,135,55,-63,167,362,401,52,1004,102,196,1915,17,16,36,-54,-41,67,-133,37,46,1513,416,275,56,21,435,128,-7,-29,-172,4,21,-175,548,517,1642,431,1577,-32,28,61,1519,281,127,514,37,690,340,-5,323,-36,241,137,77,264,435,484,4,405,5,2,3,36,38,54,87,5773,141,0,32,341,57,-10,-70,113,198,58,58,0,92,32,144,111,120,110,606,88,327,18,420,575,103,3504,-1,116,41,120,162,-23,238,0,176,1162,3773,751,46,280,613,-4,439,126,69,33,440,-231,117,-61,18,27,187,92,505,14429,636,-18,478,11,417,48,356,704,47,40,8,-1,-12,160,77,-123,178,0,2548,1116,2299,236,-93,251,99,-77,73,-59,0,401,192,-60,-110,87,-97,-9,8,-68,-14,489,33,3505,-3,11145,352,241,687,238,56,119,39,766,85,41,-108,24,308,-17,476,22,9,-32,39,-16,176,160,-22,-7,253,-25,40,495,30,58,545,58,19,30,128
7,43,1315,50,775,513,71,291,4,-32,46,14,157,-124,-18,55,3019,4641,62,-95,74,96,1606,402,5104,69,4,-252,433,35,-79,-122,-78,348,-71,39,288,33,25,84,49,88,84,40,-47,0,159,-3,55,17,199,460,235,134,491,32,55,204,105,11,239,29,844,55,-33,412,78,107,-5,68,-76,4,135,-333,11088,288,490,508,7,365,3,122,-152,-16,95,-46,101,167,21,6,-9,11,10387,-26,238,15,66,1131,-30,62,-70,245,-20,1,140,328,227,17,56,22,203,14,276,-20,5,-24,171,174,272,192,-146,308,31,92,493,703,495,79,-180,67,59,157,706,-56,182,15,-114,18,41,61,-9,77,21,39,17,66,18,112,178,228,126,173,-46,-20,10,69,18,16,-42,139,-118,97,93,137,82,-8,-69,97,263,77,704,463,121,129,104,341,1391,319,7,448,26,-17,-106,413,426,109,546,115,431,120,5,44,-113,166,17,21,44,-47,-35,115,37,1,0,58,-98,541,726,79,50,9,6,25,-4,4654,47,-19,-10,17,10,292,40,221,453,-35,-32,39,154,83,399,23,29,34,225,29,220,24,390,-102,-211,-22,-1,7,55,-36,-53,0,-22,-30,282,-60,-23,181,-95,37,-113,334,440,941,-67,95,111,198,9,759,-6,27,-91,65,18,1928,-1,35,-38,-78,7,-81,-19,274,34,26,240,296,243,880,176,-10,-8,30,14,7,442,3,-79,-1,-81,93,143,64,161,160,902,1707,126,2189,121,599,4751,211,61,-85,1,5,30,12,142,251,122,312,468,804,227,240,1079,52,54,36,-288,89,183,14,-54,18,-13,33,-43,250,38,168,3,185,175,23,290,319,389,832,450,114,-83,-8,79,-1,15,126,1,544,101,181,35,3297,49,1356,98,505,-22,-74,1855,46,466,25,51,73,20,51,152,74,7,155,113,129,-22,47,-8,337,164,197,-106,86,387,430,-23,-159,203,228,60,489,314,75,215,158,182,1416,32,262,-6,-92,78,23,270,-1,34,-138,172,117,18,123,20,585,768,68,36,-14,-11,-36,585,57,4,-5,134,109,43,-83,115,388,248,50,1046,70,79,1562,82,21,-43,-120,-16,148,-181,14,39,1493,398,263,36,65,338,69,7,14,-331,-14,2,231,905,250,2445,227,1773,-28,38,-45,1107,179,115,556,36,538,419,-58,308,18,253,150,270,193,307,483,11,-354,11,-10,1,51,33,73,101,4298,101,-15,27,358,51,-4,-144,115,166,-16,49,12,76,32,179,56,50,246,542,111,195,26,284,445,52,2303,3,48,14,158,92,4,185,-17,325,1209,2084,724,221,234,604,-7,514,136,53,78,387,-263,136,-128,10,-19,46,99,494,11656,626,63,452,16,546,13,224,647,15,59,5,-32,-15,305,10,-260,106,-7,2877,371,1851,120,-85,290,78,-85,41,-144,-4,406,222,-251,-62,73,-186,-9,19,-176,-24,763,32,1790,-55,10080,243,178,472,220,44,67,110,410,63,-138,-75,16,233,21,537,52,-44,-47,21,-96,274,184,-77,-23,241,-89,39,426,74,15,616,36,8,43,896
7,19,2457,8,960,567,143,340,9,-81,58,10,201,-350,-16,143,1329,3569,22,-78,107,191,1418,326,4966,2,37,-663,231,3,-139,-170,-85,268,-86,-211,292,407,68,256,84,65,171,101,-97,-4,137,-43,70,-2,168,580,171,122,252,61,79,188,84,1,234,59,838,22,-26,642,199,-9,27,-36,-148,50,245,-374,12002,202,961,500,16,520,-96,270,-66,36,193,-47,63,299,-6,6,-13,130,13597,-52,229,21,52,654,-72,114,-73,289,-5,5,256,473,51,14,43,18,167,35,330,-49,0,-17,16,164,349,96,-148,428,10,65,623,731,589,33,-285,61,95,207,809,-59,439,25,-50,36,2,90,-95,67,25,56,34,198,2,57,118,259,215,189,-113,-33,3,77,24,15,-95,376,-121,95,137,130,134,-7,-94,169,402,24,1157,295,187,183,117,478,1140,469,39,216,58,-25,-286,325,273,66,1034,170,555,215,-79,119,-39,203,0,0,71,-75,12,139,61,-8,-14,156,-153,664,634,120,94,-17,25,77,0,4653,62,-29,-4,46,44,403,39,192,601,-74,-3,104,132,57,507,30,20,31,233,-40,266,3,650,-123,-140,-12,-9,-25,79,-51,-94,2,-58,-15,398,-66,100,242,-52,5,248,232,511,1040,-63,155,65,229,70,714,-6,101,-187,74,85,1195,2,20,-43,-97,17,-97,243,347,50,45,258,335,347,410,174,-22,-44,20,26,-7,394,1,-99,-25,-100,91,160,52,189,149,494,1462,56,2443,95,523,6103,351,241,112,16,40,43,6,130,259,73,300,517,730,397,315,1317,28,50,-13,-204,107,288,-259,-64,29,19,56,-39,295,62,234,-26,237,179,23,297,279,246,1072,439,55,-225,32,67,-25,-12,93,-221,389,-180,101,9,3285,85,1265,121,449,-21,-156,1701,54,892,16,70,135,56,13,304,46,35,151,129,190,-80,231,141,253,326,310,-129,90,329,387,-49,-246,208,170,11,395,233,54,167,114,226,889,74,103,-14,-175,106,-24,173,68,-7,-379,161,164,74,175,54,535,685,124,41,-39,-45,-42,862,195,-20,4,121,26,11,-114,44,591,175,-24,967,127,145,1719,77,-20,97,-149,-39,98,-363,-13,38,1233,303,212,56,23,246,123,-3,-90,-502,-17,-24,-11,735,369,2235,202,1606,-52,2,-112,1140,242,128,666,57,388,334,-44,332,61,64,107,290,207,426,533,-1,-1127,20,34,7,43,65,180,123,4761,59,-6,-31,431,100,19,-172,223,135,144,24,6,50,60,142,117,45,791,580,62,168,56,474,493,19,2813,-42,80,31,164,96,38,263,-16,243,1177,3165,589,159,274,469,-17,284,136,33,99,224,-453,120,-56,26,15,195,153,655,20233,970,122,478,24,381,134,289,596,55,128,11,-34,-74,76,154,-37,116,2,2690,440,479,232,-143,378,41,-166,146,-79,-49,366,257,-387,-151,25,-152,-119,20,-200,-74,601,-22,1840,-50,10811,-15,263,285,346,43,59,147,423,48,-193,-31,57,343,8,434,85,50,-150,11,-105,431,219,-66,-67,184,-66,42,423,-29,72,477,85,25,51,76
7,40,1944,14,1216,316,69,393,-10,-60,79,14,197,-159,-55,171,2106,4449,-16,-148,79,183,1947,417,5821,33,22,-411,515,-4,-37,-142,-77,310,-244,-70,324,36,63,135,51,61,90,90,-71,3,134,-19,97,39,82,584,173,44,268,67,43,113,56,1,122,78,526,136,-15,618,147,10,40,-50,-44,6,171,-233,8363,238,820,352,-11,392,-107,97,-104,66,137,-40,34,188,-28,12,6,-5,10525,-14,230,23,87,1341,-57,34,-51,172,-7,-5,270,479,422,19,62,12,257,80,345,-15,-2,-38,142,96,326,53,-76,404,24,73,447,678,594,48,-250,66,79,126,663,-68,363,48,-70,38,8,50,-37,42,33,76,57,30,6,247,331,273,187,285,-41,-14,-20,25,0,22,-98,275,-114,102,97,87,136,-20,-60,110,361,26,1002,277,182,85,125,230,1092,299,48,387,47,28,-311,246,527,210,291,120,426,148,21,80,-34,137,35,6,42,-55,-16,121,45,2,-1,316,15,366,766,89,86,-1,-2,26,33,5023,81,-94,4,34,51,656,18,225,486,0,-12,65,79,54,367,38,43,111,307,-9,120,20,457,-93,-144,46,-17,5,48,-27,-10,-9,-25,-22,107,-51,25,240,-146,8,128,275,382,1213,-49,151,54,773,46,640,-15,90,-158,81,73,1069,36,32,-16,-107,9,-27,35,370,49,35,215,307,361,431,143,-2,-24,16,9,-5,829,8,-134,20,-49,63,279,70,111,218,494,1769,330,2368,222,631,4815,434,231,-96,17,9,30,-7,198,225,51,348,515,851,303,191,1279,34,47,37,-314,-15,424,-31,-43,41,49,56,-59,844,54,187,-38,212,158,3,265,295,174,1335,350,50,-181,-23,91,7,14,111,106,341,-24,145,12,1995,47,846,65,519,14,-288,2032,40,851,-32,68,143,51,28,256,72,-1,249,121,184,-50,15,-23,200,281,231,-65,92,388,416,-51,-285,212,244,47,518,291,70,165,243,250,282,52,109,-19,-97,158,43,98,70,4,-143,133,175,60,136,-119,469,677,168,65,-14,14,-12,200,86,-10,3,235,14,30,-81,162,262,222,111,923,92,169,1402,75,9,118,-149,-38,133,-349,8,86,2223,387,220,40,59,325,67,16,-56,-534,-8,9,314,736,225,2850,-17,2196,41,71,-59,1075,333,97,640,56,420,392,-45,272,22,157,206,149,286,263,467,16,-544,29,14,3,28,84,126,23,4397,62,20,28,392,50,50,-107,215,180,29,59,17,128,66,62,97,97,428,647,100,262,22,598,573,80,2195,-10,13,43,184,32,11,243,-16,272,858,2361,309,-25,191,607,-16,445,178,-1,134,401,-342,170,-76,17,28,182,151,864,12260,847,63,492,13,560,73,223,666,40,124,-7,-47,-74,97,143,-140,204,14,1329,572,242,161,-171,375,129,-85,116,-102,-4,261,265,-295,-97,31,-137,-101,11,-134,-48,772,-3,603,-5,7706,147,263,474,238,45,44,73,654,1,-64,-57,49,306,36,478,41,-16,-148,6,-128,271,200,-47,5,151,-50,5,508,-19,108,581,26,-4,52,69
7,42,1385,86,1045,314,103,299,4,5,101,16,130,-311,-48,198,2910,4959,32,-127,114,143,1688,576,6106,85,55,-293,604,54,-22,-88,-119,227,195,-36,213,73,43,478,83,5,67,55,4,1,103,45,61,26,290,710,247,36,274,49,51,225,83,12,180,57,745,19,-8,460,84,77,-18,113,-22,6,125,-245,10865,287,1003,499,10,703,-23,61,-49,13,34,-21,85,198,-9,-10,5,75,14703,6,206,37,46,1336,-12,116,-49,73,-3,3,180,300,149,9,69,29,171,49,288,6,3,-41,95,102,333,88,-27,399,23,90,484,547,723,74,-168,9,55,146,683,-17,174,17,-46,23,23,69,5,85,42,22,31,101,18,290,213,312,230,202,-34,-44,15,65,16,6,-98,199,-55,107,137,70,141,-33,-45,45,345,-10,719,125,221,95,152,143,2981,293,27,384,7,-20,-200,175,245,158,859,176,401,43,0,34,-36,67,-10,32,57,-70,2,88,37,11,-19,-43,-47,369,680,68,59,21,3,17,62,5251,44,-106,3,16,17,282,50,126,470,-12,-35,29,154,130,414,39,42,10,195,-8,238,36,637,-27,-87,25,4,-16,75,14,14,11,-9,11,101,-30,41,222,-68,30,148,230,384,933,47,88,89,1042,166,865,-3,103,-117,41,23,636,13,13,-10,-152,49,-34,147,381,23,10,307,342,256,235,248,-22,-2,13,12,16,265,-5,-107,-23,-118,76,313,33,190,334,661,1625,46,1649,115,727,7632,713,38,0,21,-19,43,34,71,206,119,234,521,702,300,417,1253,45,24,37,-180,77,177,41,-34,58,15,18,-47,352,60,263,-13,150,166,16,195,245,233,1309,416,47,-89,15,60,-8,8,142,422,304,88,95,23,2829,40,901,57,497,-6,-14,2264,44,492,-2,58,78,25,42,163,72,16,461,200,230,4,231,-17,321,97,137,-23,43,389,-3,-12,-53,289,203,39,541,167,90,195,158,335,923,55,128,-6,-112,133,18,350,-13,92,-167,107,154,49,163,-45,741,1337,153,36,-22,-2,4,4966,151,5,19,240,73,57,-91,103,507,192,101,1078,180,175,1706,63,0,129,-68,-20,95,-165,75,46,1741,333,177,27,329,321,94,9,-32,-395,-1,-7,178,530,214,1372,57,1314,62,43,201,1297,303,116,534,36,1196,428,-9,310,136,118,193,103,159,325,567,20,-792,8,17,32,36,77,56,35,5072,37,4,34,348,37,-80,-59,145,186,96,27,20,75,58,64,93,101,335,791,65,298,69,493,583,117,2662,-9,30,55,212,24,-37,255,-19,281,934,3566,506,101,86,558,5,178,78,109,47,186,-251,155,-82,13,-1,126,52,614,16302,625,17,314,18,277,168,305,439,28,61,9,-34,-58,68,141,-243,203,6,1848,475,798,206,-101,262,43,-106,79,-71,-3,132,103,-155,-141,45,-88,-29,18,-141,-29,576,20,806,-9,8204,324,195,445,151,11,84,69,603,33,20,-112,22,296,22,394,27,10,-72,29,-97,211,159,-41,25,241,-19,57,530,42,64,618,73,58,42,50
7,56,1142,12,1256,712,123,256,-6,-43,60,8,148,-323,-20,158,2076,4139,54,-129,131,194,1599,353,4950,28,-12,-990,420,24,-94,-166,-166,291,-1055,-26,262,434,58,78,85,11,66,94,-61,6,133,36,75,24,172,802,173,75,87,35,64,113,117,8,257,28,714,16,5,370,122,81,-1,57,-61,23,157,-388,10523,195,947,330,16,384,-34,171,-80,73,145,-24,173,267,-21,-11,-9,10,11010,-44,252,16,37,1236,-29,5,-40,106,-30,3,291,453,368,14,76,19,152,49,133,-43,-23,0,59,93,468,127,-87,423,20,64,445,822,491,140,-298,29,54,208,628,-24,400,16,-135,25,16,34,42,24,32,40,19,-18,3,136,115,320,147,246,-22,-20,3,27,22,8,-122,351,-109,193,135,143,138,2,2,49,319,-19,1024,314,149,111,124,156,1726,458,5,290,23,-6,-198,194,142,54,248,178,700,100,-46,68,5,100,16,2,47,-62,-8,106,5,3,-30,90,-166,539,644,129,127,23,11,35,-10,3768,58,-81,13,38,25,293,49,107,429,-45,15,118,99,57,333,12,22,32,200,-29,269,76,517,-30,-74,50,-8,4,64,-18,18,15,-7,-39,146,-13,61,218,-113,-18,171,293,408,940,-1,131,111,546,24,945,-10,121,-423,10,84,979,2,15,7,-86,27,-83,145,364,40,46,209,415,376,1085,232,-48,75,21,10,31,957,4,-35,34,-197,79,285,26,195,57,492,1304,78,2089,103,587,6169,277,148,12,32,0,49,11,100,207,50,331,409,557,422,377,1190,50,122,16,-323,70,437,47,-45,36,19,33,-29,362,59,224,-18,164,103,2,295,247,259,1122,443,67,-150,7,57,-5,-28,107,-148,531,-232,88,20,2911,46,1014,42,469,-17,433,1674,10,963,18,148,117,33,-20,258,40,-13,193,106,155,7,404,-17,133,37,187,-31,65,470,352,-52,-283,213,241,51,348,216,131,234,135,153,1480,37,297,-24,-127,111,2,180,74,24,20,123,169,83,253,19,850,736,179,31,-42,-19,-32,6581,94,-7,6,214,70,31,-95,79,290,117,-1,938,143,117,1714,84,50,-37,-106,-82,50,-209,19,125,1739,450,220,-9,120,368,109,1,-74,-296,-1,23,95,730,356,2189,216,1974,55,-54,-21,1320,222,77,645,29,615,341,-29,337,110,150,56,95,239,347,377,4,133,-4,18,9,23,66,53,-9,3864,10,-5,-18,301,76,74,-185,97,124,-48,14,10,41,55,66,68,95,1067,596,88,230,20,309,495,124,2049,-14,43,31,174,109,-13,279,-2,443,1289,2563,397,144,204,557,-20,408,29,-3,46,364,-437,176,-75,21,-43,287,103,684,13298,940,13,493,12,338,233,207,595,36,106,6,-17,-51,211,124,-228,160,2,2124,532,759,203,-167,334,8,-102,141,-80,-7,247,165,53,-157,71,-242,-52,28,-283,-17,735,-56,753,-50,8998,190,178,727,210,35,103,27,260,-23,-49,-72,50,318,-14,578,58,-22,-159,18,-71,341,188,-25,31,214,-62,63,445,-34,39,541,32,45,71,183
7,45,1521,20,1102,295,79,359,-29,11,76,11,167,-124,-41,215,1275,2537,-1,-88,60,110,1367,423,3476,36,63,-456,530,76,-15,-111,-25,306,-109,-275,352,237,42,450,64,55,104,29,-33,1,80,6,93,16,180,801,211,58,410,46,24,202,84,13,229,77,504,35,-25,497,119,27,9,10,-22,39,183,-255,8266,212,813,739,12,357,-109,93,55,33,130,-31,93,138,12,-11,-12,34,9378,-55,270,11,-21,626,-31,117,-43,286,-13,6,209,270,90,28,91,18,248,33,329,-4,-5,-26,47,134,420,139,-37,549,30,79,517,624,508,79,-166,42,78,165,920,-3,453,33,-9,33,17,54,-35,37,44,30,56,87,2,102,74,373,303,252,-34,28,18,32,23,11,-88,290,-69,98,196,115,87,16,-27,13,403,68,795,275,281,104,174,317,1227,317,39,184,67,4,-363,235,400,61,565,1652,395,111,-108,24,13,95,39,0,46,-51,-31,64,38,-2,1,176,-99,562,557,67,92,-34,13,58,-29,4474,65,5,-14,18,-4,261,53,149,468,-31,-12,85,175,63,366,31,36,26,259,-23,272,-25,620,-48,-143,14,-10,-2,40,-17,12,-9,-31,-43,383,-33,112,216,-57,26,56,192,411,993,8,115,134,305,61,892,26,50,-224,100,30,559,15,14,-47,-36,20,8,344,425,43,31,306,457,317,593,225,-19,7,16,14,10,248,5,-88,73,-42,81,388,46,182,126,600,1789,43,2176,64,338,4411,691,125,1,50,27,41,30,92,269,159,161,515,777,396,284,1411,41,114,49,-255,72,299,-48,-43,30,26,45,-18,577,60,256,-14,161,107,27,257,281,253,773,407,79,-169,7,75,13,92,114,-45,478,-118,173,-17,2226,60,581,60,513,-7,114,1140,33,740,7,80,107,52,11,195,50,16,202,226,217,-36,112,168,228,153,260,-33,65,415,586,-54,-125,157,203,30,481,172,54,138,240,204,1049,64,25,-15,-114,114,-11,136,25,79,-86,110,219,17,146,-46,674,884,72,84,-11,1,13,176,129,-5,0,158,-9,6,-90,61,485,340,287,697,184,154,1553,59,15,2,-66,-23,61,-214,29,96,1353,237,213,37,88,611,91,5,-49,-388,-6,30,238,616,319,1853,100,1574,69,27,157,927,235,109,565,50,448,389,-24,474,95,170,87,120,281,487,382,4,0,44,14,15,29,106,9,17,4466,63,5,0,478,70,-12,-148,143,73,135,26,9,57,36,72,111,151,521,814,100,203,-3,792,452,72,2313,-23,29,12,257,157,0,402,0,451,1789,3079,551,151,94,353,-4,225,79,-1,65,574,-220,125,-46,5,9,171,65,733,10121,831,102,369,8,311,-42,337,355,32,84,1,10,21,72,13,-141,238,2,1990,794,333,124,-76,246,57,-97,45,-34,-34,100,114,-57,-162,41,-151,-68,37,-122,-30,897,-29,1821,-2,6833,170,285,659,215,46,103,107,402,-5,19,-83,40,392,3,1049,68,0,-13,4,-32,216,171,-52,20,203,-103,74,554,7,50,428,63,47,48,131
7,84,1892,31,987,559,118,355,-3,-32,51,5,215,-97,-46,120,1846,4477,49,-85,68,158,1270,291,5476,-26,20,-452,455,10,-202,-131,-187,357,-702,-260,284,4,55,651,75,30,126,38,-107,4,146,-18,101,19,180,658,197,93,286,32,58,154,76,29,277,54,516,47,-39,883,111,101,-30,69,-66,65,210,-331,13963,239,929,571,21,351,-93,212,-150,4,166,-37,88,156,4,-1,1,-27,17671,-55,202,2,50,1229,-42,70,-41,334,-23,13,206,376,345,27,66,27,175,31,290,-7,4,-57,123,112,463,91,-132,491,11,94,447,819,503,62,-247,75,130,141,1160,-59,123,30,-76,30,9,77,-73,81,28,36,46,26,12,146,160,370,245,84,-78,-24,7,61,27,3,-169,248,-94,170,163,130,111,21,36,142,259,62,994,579,194,92,106,391,1179,581,43,123,55,1,-168,245,240,108,804,147,674,134,54,82,-33,84,21,18,46,-84,-7,28,19,-8,18,120,-202,564,631,58,89,-14,18,43,-32,4834,53,-35,5,61,-23,319,56,218,628,-52,-9,71,130,64,307,50,69,8,225,-37,205,-3,538,-14,-135,30,-8,-10,74,-32,60,18,-10,-23,460,-15,2,229,-141,-25,180,216,450,1104,-67,158,156,372,-11,926,-29,71,-132,75,96,555,11,26,-11,-243,7,-23,61,379,45,41,279,464,319,1736,212,-18,-56,21,9,-1,282,0,-45,54,-87,115,127,105,110,267,684,1525,47,2571,81,538,5944,288,142,-109,6,-19,54,-9,64,399,100,266,548,750,413,300,979,38,54,38,-277,58,325,-13,-101,68,7,85,-35,560,48,214,-10,199,121,32,270,241,278,1009,467,50,-196,32,76,-16,78,111,-291,551,-264,202,34,3496,74,613,67,521,-4,-270,1999,63,478,-37,148,133,40,-5,209,61,30,215,100,156,-6,130,61,284,104,316,-118,62,200,22,-34,-161,150,231,37,480,191,148,143,173,274,895,79,129,-13,-101,157,-26,172,99,13,-115,186,142,63,220,-90,776,761,214,100,-48,-19,-79,495,97,-11,-2,150,176,19,-108,114,336,514,-1,1040,113,76,1596,63,10,-6,-107,-31,99,-369,5,90,1413,448,265,36,6,209,99,-6,-104,-262,-8,22,118,552,303,2157,157,2030,136,-18,66,1120,167,132,688,34,549,434,-39,376,48,209,55,148,214,368,437,2,-694,-15,13,23,29,57,148,212,6088,83,-33,-13,362,73,31,-130,250,185,83,28,32,142,25,81,95,177,1438,585,42,185,36,410,543,38,2927,-38,7,36,220,169,-61,210,-10,237,1335,3543,623,100,184,352,-6,658,97,161,102,251,-370,89,-110,24,5,106,62,620,20019,990,31,486,12,408,126,285,568,26,101,9,4,-100,193,97,-254,49,7,1845,457,463,214,-121,432,12,-157,83,-120,-6,181,145,-123,-153,31,-188,-90,29,-186,-40,728,-2,2855,-59,12928,230,226,285,166,53,42,92,239,11,-139,-135,29,330,-3,456,31,24,-73,52,-138,299,214,-71,-7,182,-12,84,582,43,-9,796,53,-6,36,198
7,13,1307,58,857,315,61,315,-18,-26,51,-6,90,-108,-35,176,1513,3094,20,-64,104,116,1630,474,5500,25,5,-162,459,23,-20,-83,4,290,266,-188,272,52,43,339,38,-19,99,16,-22,-11,62,3,85,-11,175,839,239,36,491,22,25,102,117,16,163,13,749,48,-6,373,72,84,-16,18,-16,26,105,-121,10034,340,646,670,8,320,-54,127,-12,41,124,-10,20,122,-2,-8,-2,22,11259,6,198,5,32,726,-32,71,-35,197,9,-1,144,215,49,13,37,8,167,23,276,-17,-1,13,236,68,224,81,81,358,9,82,546,640,515,103,-140,45,33,163,641,-54,201,31,23,60,-4,79,-46,79,17,20,25,125,4,79,208,261,231,248,5,-9,28,48,26,8,-41,227,-78,78,112,64,76,8,-35,15,256,29,921,351,183,172,86,332,1303,262,39,339,34,-23,-190,312,469,98,941,160,292,32,8,13,-41,93,14,-7,75,-49,-8,103,46,-4,-9,91,-81,406,694,53,91,-1,11,36,-23,4784,19,-90,14,9,-12,286,34,120,424,-3,-18,35,161,87,402,38,20,-1,260,-31,213,-25,510,-65,-68,16,13,4,63,-28,2,13,-17,-12,67,-64,-9,204,-62,18,-154,327,634,808,14,101,47,239,165,791,2,61,-174,76,42,996,20,19,-16,-121,30,-8,208,288,36,20,276,389,243,872,193,-22,-4,20,8,4,191,3,-35,37,-37,91,281,50,175,212,492,1625,55,2411,99,603,6211,423,78,63,21,0,39,14,123,326,51,359,460,749,303,442,1435,63,85,22,-225,60,213,-50,-48,15,25,40,-54,353,58,213,-1,209,134,31,312,250,205,1022,496,76,-142,10,46,-6,-10,105,306,438,92,102,-3,3155,18,1130,63,426,-7,-78,1303,65,505,9,94,50,26,8,86,71,17,134,188,200,-35,306,124,360,147,136,-19,63,368,770,-7,-43,294,150,39,408,299,30,187,108,139,3029,35,26,-1,-100,102,15,32,44,96,-74,137,176,18,185,-40,547,974,184,54,-9,20,-24,303,87,-3,12,191,39,36,-68,86,1093,305,346,1116,110,150,1536,40,0,58,-55,-15,70,-87,8,38,2074,296,183,28,62,523,126,6,-12,-308,-13,-7,98,848,287,1855,175,2124,6,7,66,1248,251,127,609,39,379,408,-15,230,21,217,113,160,249,419,434,6,682,15,25,14,20,54,40,-8,4649,175,-4,10,337,69,-28,-112,187,85,73,35,-1,54,42,65,140,146,909,680,145,175,19,516,432,86,2327,-5,60,51,151,96,10,312,-10,225,1072,2698,557,189,173,520,-8,366,114,34,97,303,-136,111,-50,14,27,78,63,710,13362,687,27,330,7,311,9,323,470,29,51,-16,-5,8,92,62,-68,182,8,2406,759,1970,219,-120,220,90,-93,52,-77,-29,319,144,-70,-120,52,-114,14,21,-138,-20,674,8,887,8,7747,292,215,373,241,18,63,94,533,43,52,-35,46,214,-1,640,37,33,-11,21,-66,158,206,-49,46,155,-51,63,479,10,61,511,46,44,19,103
7,53,2672,49,1098,449,89,335,29,-15,76,-5,199,-209,-12,219,1073,2384,19,-92,136,204,2110,245,6022,26,73,-309,441,-24,-122,-143,-184,356,300,-14,272,49,51,149,59,59,41,90,-66,4,171,46,75,26,430,412,169,31,167,51,63,85,95,25,164,55,552,-7,-3,902,70,122,-22,79,-57,42,192,-322,13845,206,982,629,16,300,-60,242,30,10,66,-15,132,205,-5,-4,19,8,13520,-41,240,25,42,2305,-10,57,-54,188,-6,4,232,287,389,7,62,6,188,65,260,-32,16,-51,156,86,428,66,46,237,-4,119,555,1544,406,104,-141,76,87,162,715,-42,417,25,-67,26,17,75,-44,72,17,47,32,94,-5,102,121,216,538,6,-38,25,19,85,-7,1,-99,299,-75,51,138,89,135,9,-38,-14,321,73,722,499,236,104,174,261,2301,543,65,264,56,26,-387,111,659,78,665,71,256,111,-71,87,-82,79,1,-1,38,-61,-25,67,18,-3,4,202,-112,600,450,35,58,-8,2,25,16,5421,34,18,-13,22,-3,484,70,109,635,-68,6,120,115,58,530,42,16,44,290,-11,177,35,518,16,-64,42,25,-16,52,-14,-6,-24,-38,-27,388,-48,6,191,-121,15,-2,147,342,1450,-37,114,185,373,7,681,-5,45,-168,75,56,1066,9,5,-29,-20,17,-68,242,359,44,14,250,403,396,1715,153,-19,-25,27,11,32,444,-1,-71,18,-65,86,384,49,107,105,677,1216,41,2300,89,602,7296,250,109,-64,16,-7,67,-15,81,165,60,310,456,1000,808,494,1200,37,61,22,-237,80,392,-119,-69,45,-23,63,-99,491,37,258,-31,253,69,10,128,293,131,1281,526,50,-143,19,37,-33,28,122,161,789,-165,75,-6,2995,70,860,33,681,-8,-296,2637,-3,635,12,102,134,16,-7,261,45,13,264,119,231,0,145,8,193,220,237,-33,50,459,-50,-47,-134,143,245,30,309,122,110,148,211,116,87,51,34,-5,-110,167,63,238,156,120,-173,164,228,90,122,-89,557,732,91,40,-20,20,-32,114,98,-17,5,181,96,13,-68,32,452,242,614,1040,96,140,1478,151,4,40,-76,-59,97,-309,-5,55,2005,351,324,34,-20,336,52,-5,-10,-142,-15,18,364,852,463,1432,113,3020,-37,42,50,1545,242,173,687,25,260,343,-21,324,-8,141,32,95,428,328,394,12,1153,-35,-13,22,32,38,54,73,4935,73,-8,-20,293,53,30,-142,273,29,57,38,2,95,24,65,110,69,134,782,24,212,35,419,437,150,2178,5,37,45,109,131,-29,343,1,219,726,2860,562,133,121,315,-25,605,100,52,50,292,-362,108,-106,7,41,193,154,670,25735,972,-11,403,6,354,92,267,691,36,118,25,-41,-102,146,12,-251,122,5,1111,714,127,193,-96,451,58,-148,98,-80,-39,283,128,86,-221,48,-110,-13,18,-132,-17,781,-32,496,-34,12907,281,192,356,310,61,36,64,276,5,-24,-58,35,391,18,608,34,45,-99,16,-82,199,171,-9,-15,202,-3,42,571,-9,25,381,83,29,44,154
1,65,1185,-96,783,330,111,732,-4,5,25,6,170,-154,-7,169,4588,6277,-8,22,213,312,1349,432,5654,72,25,-793,462,-35,-39,-176,-105,457,-339,266,359,257,65,1653,84,9,51,37,84,6,214,-3,50,67,12,1347,231,50,330,100,43,182,123,29,139,125,550,115,-9,323,168,14,-22,42,-41,82,653,-421,86,343,810,652,10,230,-85,102,73,118,164,6,5,202,50,-15,-11,135,11539,-16,187,-7,110,133,-13,119,-55,87,-13,7,456,333,766,24,58,45,181,60,204,16,8,-22,54,10,320,41,185,474,-13,42,574,541,932,13,-229,94,71,158,1117,-19,718,17,14,104,-16,70,-96,19,28,25,57,60,2,262,132,301,199,369,-61,-14,-5,39,67,6,-104,249,-78,218,-42,160,201,51,-65,-11,476,80,995,245,261,283,-1,145,79,226,32,358,23,1,-496,98,176,368,1181,46,396,0,248,108,-71,205,47,3,63,-96,33,437,55,-3,3,376,216,571,807,90,201,22,6,74,71,5071,77,-71,-16,46,69,930,4,4,566,-36,-7,46,334,87,99,-6,57,57,265,-33,63,29,586,-182,-176,-38,30,19,26,-13,-16,-13,-64,-63,106,-17,-1,349,-125,25,-198,908,385,1295,-57,106,83,616,11,1131,17,60,-111,85,23,19,31,47,-37,-168,26,-78,-58,484,50,5,437,352,171,21,314,21,-49,-74,16,14,323,-10,-97,53,-126,131,-162,46,172,47,105,1430,4,1703,221,840,3384,546,98,-85,-2,21,62,15,73,178,34,226,885,691,135,274,1980,127,183,-37,-386,23,429,31,-81,63,42,20,-56,289,128,53,-12,194,135,-11,335,674,716,867,469,29,-174,-2,30,-2,44,112,-5,816,-174,66,29,3515,16,250,114,500,-17,-385,708,20,1024,51,57,118,58,15,283,73,-4,241,167,134,58,339,-117,288,228,537,-47,79,338,138,107,-268,320,252,2,918,299,12,172,73,398,3412,79,12,-20,-36,94,52,-3,61,28,-5,-21,493,33,268,2,72,1112,446,48,-42,1140,-23,33,272,-13,-13,117,142,16,-56,203,260,-24,105,452,251,182,1034,98,-6,39,-99,-27,60,-369,22,68,1113,307,162,67,198,687,-27,14,-53,-315,1,-40,354,384,274,2344,55,829,13,-44,-152,1409,437,122,480,68,179,699,-19,149,139,151,42,103,281,38,444,7,-217,47,6,20,23,102,48,-88,5236,89,3,-55,230,51,-18,-230,228,104,351,27,23,33,73,64,37,252,32,445,138,156,99,973,630,64,3523,1,-25,25,264,104,43,362,-13,475,459,3324,375,-31,94,991,-37,171,88,-3,49,152,-289,135,-79,24,-6,210,174,849,-443,629,123,829,10,436,-55,323,584,29,136,-2,-27,32,109,24,-169,132,1,223,889,89,235,-193,183,103,-145,170,-102,-50,-86,243,-290,-167,51,-183,3,23,-251,-19,511,-12,199,25,-115,98,222,607,293,4,55,25,681,58,6,-262,38,394,77,249,55,52,-70,-6,-88,425,282,-72,28,268,-171,236,769,36,47,774,48,9,89,207
1,54,985,-7,948,599,78,391,-7,-55,51,12,142,-157,-43,124,1477,2422,11,33,121,293,1121,512,4020,94,37,-1031,441,-31,-100,-155,-159,332,-604,-137,446,367,97,2640,75,30,123,-11,71,7,203,33,49,48,111,1936,214,108,513,126,30,132,108,37,266,73,378,47,16,426,167,6,-18,4,-73,61,1779,-399,2,287,971,693,15,286,-114,70,55,134,27,-9,114,214,9,-21,-23,79,9682,-5,154,25,68,400,-2,158,-68,4,-35,2,345,332,668,40,32,45,173,74,132,2,-16,-13,28,33,254,181,74,365,22,76,467,637,528,44,-343,213,50,203,939,-17,488,20,32,65,-3,67,-22,49,42,36,41,10,7,528,211,214,272,393,2,-24,17,61,30,12,-113,390,-101,269,221,160,151,29,-54,166,330,133,665,235,54,175,-13,97,140,266,-1,174,26,-15,-450,279,201,270,750,1008,374,112,199,45,-52,249,11,24,33,-92,13,254,152,5,-21,398,252,704,587,47,153,47,21,80,4,3943,92,-175,-14,41,50,555,4,122,960,45,5,74,296,114,154,62,39,25,237,-76,152,40,522,-103,-87,-43,30,-9,47,-11,23,6,-99,-102,70,-6,14,271,-51,26,-160,359,490,1027,-49,112,67,429,46,1201,45,90,-248,117,82,58,-38,50,-41,-185,34,-97,-119,299,43,24,342,344,295,65,316,23,-45,-99,6,12,612,3,-5,42,-140,97,-163,87,88,108,124,1613,26,1771,170,769,3430,924,127,-88,6,-5,79,-11,173,234,34,235,729,738,306,196,836,133,76,-23,-474,-8,415,-55,-80,-34,91,32,-32,343,127,134,-18,223,78,1,232,493,706,748,458,56,-213,15,31,10,11,127,-68,1099,-9,137,8,3827,117,263,74,457,-15,416,747,39,838,81,73,132,29,21,242,59,11,192,146,202,54,-191,-302,185,277,298,-37,54,493,710,563,2,282,214,110,602,371,111,179,175,438,3158,93,33,-12,-88,218,19,64,87,69,64,34,554,-7,262,125,2665,962,132,40,-56,486,-53,221,172,-14,2,105,19,28,-83,98,530,103,77,477,262,182,1386,69,-5,-64,-95,-76,75,-243,3,102,837,348,152,57,423,585,26,-5,-99,-341,-8,-2,320,780,304,1628,57,1300,-72,-59,283,977,332,144,584,96,1181,421,-19,230,61,5,36,41,272,116,452,-2,-488,36,-38,31,-8,109,30,-6,4155,62,8,-84,169,77,89,-427,192,103,40,23,9,13,241,43,120,112,56,479,169,330,184,408,384,67,3267,0,14,17,-62,46,-48,324,-4,393,1418,2862,536,-14,55,936,-20,61,94,25,91,343,-379,104,-59,10,9,356,135,807,-447,697,94,729,20,587,-25,242,595,36,138,13,-81,115,62,-12,-239,159,-10,2322,647,146,145,-193,252,74,-128,130,-130,-53,90,229,-196,-153,39,-141,-114,53,-195,3,1059,-8,191,-39,-81,131,265,281,176,31,73,72,472,-15,-106,-222,55,345,62,655,21,0,-24,43,-80,591,228,-62,-31,225,-92,263,566,65,4,1423,15,22,102,267
1,47,1344,-134,803,674,78,393,0,-3,45,7,247,-77,-59,184,3376,4622,-5,-41,136,191,1594,332,4814,93,-26,-985,538,8,8,-161,-136,325,-403,95,548,144,63,669,447,43,78,-22,164,16,272,-29,105,62,-4,1664,68,80,682,145,43,218,72,20,328,70,412,117,135,479,439,149,60,-35,-27,54,210,-172,62,254,1099,534,2,464,-160,109,-51,24,106,-23,318,191,0,-15,-4,58,8285,-20,145,54,41,357,-9,129,-43,47,10,5,204,382,257,51,33,32,241,35,72,434,-9,-8,1,55,82,119,54,423,1,66,594,828,491,-2,-288,48,78,124,1099,-16,448,43,45,60,65,44,12,39,30,38,60,42,1,606,70,87,298,429,-51,-30,7,75,35,15,-171,153,-98,259,167,129,355,20,-51,42,424,30,638,251,120,205,84,120,139,541,71,187,20,15,-561,158,277,455,1070,170,295,112,138,96,-85,165,17,-4,16,-55,-11,109,61,7,-26,167,-124,306,608,136,83,-8,16,44,69,5366,99,-285,-16,34,49,499,11,40,862,39,13,79,224,124,-1,16,71,89,222,-34,134,81,700,-63,-156,-33,15,-10,31,-13,8,-14,-94,-40,101,-51,12,251,-56,185,-192,360,527,1655,-45,121,177,700,57,715,134,44,-358,90,89,-93,63,34,-12,-131,16,-55,-92,264,43,51,242,152,244,30,286,9,-47,-68,11,23,652,-6,-60,34,-8,114,-184,89,106,72,286,1275,11,1048,81,520,3594,923,146,30,-3,30,79,11,166,228,162,195,449,424,217,239,671,175,109,-6,-182,14,367,-63,-92,93,84,6,-71,562,81,137,-8,217,150,2,127,439,1781,948,570,29,-116,-5,89,15,8,131,-190,356,-91,131,-8,1503,61,294,53,473,-29,718,675,7,795,181,133,1969,11,72,231,55,27,196,102,496,11,407,-217,291,219,183,-66,43,358,74,-41,-572,232,351,72,975,285,202,151,81,283,1905,68,30,-13,-50,73,9,48,123,196,-41,9,441,47,374,124,4322,1597,342,29,28,64,-48,2835,398,-16,1,109,1561,70,-67,109,82,14,392,599,268,128,2150,111,-3,22,-61,-87,59,-281,24,100,1036,397,158,-24,268,768,125,-3,-69,-601,6,14,307,540,217,1088,149,992,-109,30,951,1669,285,67,398,45,2414,1371,-23,220,43,-98,182,190,252,144,303,14,-570,-39,-19,10,15,70,41,-168,2664,34,4,-32,175,100,64,42,301,70,4,-1,22,38,72,124,141,215,445,468,169,923,75,290,554,214,2647,-12,2,16,221,28,16,406,27,474,1064,1814,421,2,90,579,-19,21,156,-18,48,34,-309,149,-42,10,-20,216,134,634,-422,623,72,697,99,565,249,120,498,31,145,43,-67,31,13,102,-153,196,-2,1475,412,41,170,-91,151,5,-139,140,-134,-63,-44,205,-287,-170,22,-173,-92,34,-112,-15,290,-26,174,-3,-1,274,224,57,319,8,92,127,270,-56,-98,-132,48,549,118,147,14,30,-186,22,-79,418,279,-18,-1,382,-139,238,606,470,12,275,74,113,62,75
1,87,2680,-169,1129,544,58,726,20,-64,-82,11,285,-63,-27,562,951,1811,39,14,20,92,1316,874,7414,20,59,-985,457,-98,-83,-163,-144,149,-1292,158,456,261,127,1803,157,-100,163,-3,-104,20,311,52,61,2,76,214,102,42,553,336,82,65,211,51,719,36,1130,21,-14,1204,381,53,6,-82,-205,41,1349,-673,48,228,1434,97,13,734,-163,267,-167,64,127,-53,92,305,-31,5,-13,66,16437,-63,231,42,20,-28,-23,339,-90,157,-54,-12,411,392,870,53,41,23,67,25,95,2,-34,-91,195,-5,133,43,20,528,20,99,552,972,577,25,-550,89,59,173,1571,-62,411,4,-92,131,105,86,-88,41,17,34,45,34,-16,593,-49,169,335,355,-63,-73,-14,80,27,19,-265,285,-211,288,71,133,140,16,-29,28,421,-30,1491,103,99,143,73,139,206,260,56,157,39,-43,-790,118,-6,179,593,286,659,250,-83,127,39,223,0,-5,34,-122,4,135,24,-1,-26,784,-130,565,770,538,158,-19,-14,66,-282,3944,57,-252,-11,-61,125,727,54,45,541,29,8,76,238,67,45,34,50,16,159,-89,119,20,468,-124,-137,-23,20,-65,37,-19,45,-37,-93,-39,135,-37,123,315,-223,255,-86,494,467,1347,-72,82,183,297,-111,1145,242,168,-206,6,131,-162,-26,77,-17,-264,7,-179,-31,447,57,64,220,533,204,61,274,-12,74,-82,9,32,113,-3,-81,10,-37,140,-226,46,95,20,289,1299,-2,1690,74,960,5489,-96,141,-80,2,-338,-7,23,-13,319,63,216,993,1200,403,160,1335,106,210,17,-339,111,403,-129,-144,85,-62,97,-71,40,90,253,0,229,55,-18,169,391,765,643,437,47,-182,11,-29,-77,-107,134,-609,206,-215,45,10,2082,96,766,223,790,-20,-254,838,-33,792,6,233,120,77,14,237,29,1,185,286,285,60,-232,-7,114,143,668,2,155,349,110,-104,-239,310,322,69,593,398,32,154,-4,416,3301,77,-123,-32,-120,200,-15,0,122,117,111,65,474,66,331,138,435,1353,168,-33,-112,714,-117,20,184,-27,-12,168,-23,44,-95,-25,779,90,241,425,255,65,1841,48,-223,-100,-58,-121,27,-595,12,158,1448,253,227,11,167,192,-8,-29,-97,-368,-12,1,-155,693,178,1568,-72,1435,-159,93,-454,2030,233,132,727,48,1579,781,-46,163,-90,68,84,133,410,163,584,8,-2461,-12,27,27,45,114,62,102,5699,-13,22,-93,253,25,9,-260,128,99,236,12,19,79,1,56,287,200,4971,708,197,1330,175,909,417,295,3338,-12,-18,26,161,29,14,324,39,500,1021,4614,539,-17,160,459,-41,-13,3,-9,197,141,-920,65,-66,8,-46,580,175,651,-423,1223,10,797,200,531,320,180,675,22,237,24,-212,95,129,-12,-527,14,3,401,717,40,340,-168,233,33,-443,104,182,-25,15,326,-210,-239,81,-106,-177,44,-389,-9,754,-32,259,-44,-79,542,216,518,233,21,128,75,334,19,-253,-321,70,777,32,439,33,-13,-258,22,-4,592,214,-65,-49,236,-160,531,875,48,36,801,94,212,152,259
1,29,11599,-250,628,187,82,441,21,5,28,3,308,-208,-74,58,2022,3760,-49,9,160,373,775,599,6767,124,112,-115,624,-52,72,-99,47,219,-306,222,371,514,122,1877,492,23,293,41,-33,47,76,-49,45,0,-19,414,127,98,91,178,19,21,167,56,82,20,954,20,-34,1320,337,192,-12,-105,-21,135,743,-224,128,365,1369,467,47,510,-56,456,-111,-135,261,-18,145,354,87,-10,-34,60,22688,-174,134,-15,78,177,-71,296,-113,163,31,16,470,600,246,4,76,29,212,29,191,11,2,-17,-178,125,147,19,-36,385,-51,118,628,899,1171,-15,-197,270,247,165,1363,8,465,7,149,87,111,155,-131,12,3,80,72,201,6,559,325,201,608,108,83,-10,-40,147,66,18,-122,642,-158,392,157,124,122,25,-71,24,465,179,680,94,102,96,22,241,119,209,145,623,62,22,-602,78,439,116,939,227,311,133,89,188,-46,230,88,16,45,-117,73,95,95,1,25,47,307,535,925,1,184,79,28,50,0,6047,126,20,-4,91,7,507,82,78,1404,42,18,140,264,151,-50,28,85,164,120,-109,164,101,859,-277,-229,-12,69,-41,76,-23,-168,-7,-167,-70,468,-9,-8,419,-176,278,-88,92,509,1253,-110,169,35,264,-50,706,261,174,-343,166,61,-287,-2,95,-69,-304,36,-3,-157,384,60,48,244,179,362,24,302,73,-98,-93,0,11,1393,9,-19,159,-153,175,-231,100,135,117,134,1263,-5,957,99,1624,2427,226,202,73,21,66,142,19,213,214,249,303,679,718,189,160,1248,109,176,26,-354,54,509,33,-155,-2,67,15,-120,687,127,241,-68,101,98,28,359,319,800,1184,306,39,-304,15,140,50,155,139,-617,275,-245,-26,-39,598,47,359,146,378,7,-131,845,49,1017,2,229,165,119,9,463,68,30,192,95,280,-110,737,-81,168,514,169,-70,55,298,1054,75,-78,87,317,52,772,136,14,140,50,296,1758,117,-231,-16,42,193,32,11,158,38,-264,66,301,-23,109,11,201,1032,281,68,-45,-88,83,5860,181,-38,32,167,-27,-16,-85,136,133,-22,533,741,261,56,1425,177,-14,-10,-230,-13,115,-312,-84,161,686,59,163,-10,333,710,-32,22,-32,-484,-13,27,383,707,321,1534,113,922,-2,13,-127,2002,539,119,494,88,578,859,-62,209,134,19,41,266,318,44,390,-24,445,33,-36,44,87,274,355,54,6059,-4,12,-53,273,42,55,-390,808,87,465,61,41,134,172,114,121,164,26,767,323,292,136,476,298,-39,5369,-37,-29,17,546,99,57,531,-34,338,713,3979,439,-21,554,785,-15,64,147,14,174,32,-175,110,47,36,77,335,237,682,-231,1161,243,584,61,971,-121,130,397,38,227,-38,-30,-43,51,60,-121,-73,-9,311,672,-137,332,-194,336,220,-346,101,7,-9,20,472,-258,-331,11,-192,-87,45,-188,-162,275,-47,501,12,-207,-69,288,858,165,18,24,175,731,-34,-269,-42,119,250,79,590,74,-105,-171,-7,-10,282,372,54,11,186,-233,425,338,256,20,333,26,-91,171,262
1,71,817,-128,986,247,9,872,-10,13,27,4,196,-189,-80,193,2670,4601,-11,5,108,300,1210,578,5013,138,43,-952,631,-49,-32,-183,-162,199,-1153,-471,366,411,82,1122,191,116,-15,21,35,6,105,1,89,30,93,667,70,5,257,147,434,95,252,11,793,98,677,72,-25,608,254,10,-5,15,-93,175,223,-436,115,239,1178,795,12,361,-137,99,-158,93,178,-2